region,purpose,start_year,end_year,,,,,,,,,M (type_number),N (purpose)
Uruguay,Civil war (secessionist) — Nationalist,1816,1817,,,,,,,,,1,War of conquest
Saudi Arabia,War of conquest,1816,1818,,,,,,,,,2,Balance of power war
Georgia,War of conquest,1816,1825,,,,,,,,,3,Civil war (secessionist) — Non-nationalist
India,War of conquest,1817,1818,,,,,,,,,4,Civil war (secessionist) — Nationalist
Sri Lanka,War of conquest,1817,1818,,,,,,,,,5,Civil war (non-secessionist) — Ethnic
Mexico,Civil war (secessionist) — Nationalist,1817,1818,,,,,,,,,6,Civil war (non-secessionist) — Non-ethnic
Chile,Civil war (secessionist) — Nationalist,1817,1818,,,,,,,,,,
South Africa,Civil war (non-secessionist) — Non-ethnic,1818,1818,,,,,,,,,,
"Colombia, Ecuador, Venezuela",Civil war (secessionist) — Nationalist,1818,1823,,,,,,,,,,
Afghanistan,Civil war (non-secessionist) — Non-ethnic,1818,1826,,,,,,,,,,
Benin,Balance of power war,1818,1840,,,,,,,,,,
South Africa,Civil war (non-secessionist) — Non-ethnic,1819,1828,,,,,,,,,,
Sudan,War of conquest,1820,1820,,,,,,,,,,
Italy,Civil war (non-secessionist) — Non-ethnic,1820,1821,,,,,,,,,,
Italy,Civil war (non-secessionist) — Non-ethnic,1821,1821,,,,,,,,,,
Turkey,Balance of power war,1821,1823,,,,,,,,,,
Spain,Civil war (non-secessionist) — Non-ethnic,1821,1823,,,,,,,,,,
Greece,Civil war (secessionist) — Nationalist,1821,1828,,,,,,,,,,
China,Civil war (secessionist) — Non-nationalist,1822,1828,,,,,,,,,,
"France, Spain",Balance of power war,1823,1823,,,,,,,,,,
"India, Myanmar",War of conquest,1823,1826,,,,,,,,,,
Bolivia,Civil war (secessionist) — Nationalist,1824,1824,,,,,,,,,,
Peru,Civil war (secessionist) — Nationalist,1824,1824,,,,,,,,,,
Ghana,War of conquest,1824,1826,,,,,,,,,,
India,War of conquest,1825,1826,,,,,,,,,,
Uruguay,Civil war (secessionist) — Nationalist,1825,1828,,,,,,,,,,
Indonesia,Civil war (secessionist) — Nationalist,1825,1830,,,,,,,,,,
Turkey,Civil war (non-secessionist) — Non-ethnic,1826,1826,,,,,,,,,,
"Armenia, Georgia, Iran",Balance of power war,1826,1828,,,,,,,,,,
"Laos, Thailand",Civil war (secessionist) — Non-nationalist,1826,1828,,,,,,,,,,
Peru,Balance of power war,1827,1829,,,,,,,,,,
"Russia, Turkey",Balance of power war,1828,1829,,,,,,,,,,
Argentina,Civil war (non-secessionist) — Non-ethnic,1828,1831,,,,,,,,,,
Portugal,Civil war (non-secessionist) — Non-ethnic,1829,1834,,,,,,,,,,
Russia,War of conquest,1829,1840,,,,,,,,,,
France,Civil war (non-secessionist) — Non-ethnic,1830,1830,,,,,,,,,,
Belgium,Civil war (secessionist) — Nationalist,1830,1831,,,,,,,,,,
Macedonia,Civil war (non-secessionist) — Ethnic,1830,1831,,,,,,,,,,
Poland,Civil war (secessionist) — Nationalist,1831,1831,,,,,,,,,,
Syria,Balance of power war,1831,1832,,,,,,,,,,
"Cambodia, Vietnam",Balance of power war,1831,1834,,,,,,,,,,
Mexico,Civil war (non-secessionist) — Non-ethnic,1832,1832,,,,,,,,,,
Spain,Civil war (non-secessionist) — Ethnic,1834,1840,,,,,,,,,,
Peru,War of conquest,1835,1835,,,,,,,,,,
"Mexico, United States of America",Civil war (secessionist) — Nationalist,1835,1836,,,,,,,,,,
Brazil,Civil war (non-secessionist) — Non-ethnic,1835,1845,,,,,,,,,,
Pakistan,Balance of power war,1836,1836,,,,,,,,,,
Bosnia and Herzegovina,Civil war (secessionist) — Non-nationalist,1836,1837,,,,,,,,,,
South Africa,Civil war (secessionist) — Non-nationalist,1836,1837,,,,,,,,,,
Afghanistan,Balance of power war,1838,1838,,,,,,,,,,
South Africa,War of conquest,1838,1840,,,,,,,,,,
Afghanistan,Balance of power war,1838,1842,,,,,,,,,,
Uzbekistan,War of conquest,1839,1839,,,,,,,,,,
Peru,Balance of power war,1839,1839,,,,,,,,,,
Lebanon,Balance of power war,1839,1840,,,,,,,,,,
China,War of conquest,1839,1842,,,,,,,,,,
Uruguay,Civil war (non-secessionist) — Non-ethnic,1839,1842,,,,,,,,,,
Algeria,War of conquest,1839,1847,,,,,,,,,,
Colombia,Civil war (non-secessionist) — Non-ethnic,1840,1842,,,,,,,,,,
Bolivia,Balance of power war,1841,1841,,,,,,,,,,
Bosnia and Herzegovina,Civil war (secessionist) — Non-nationalist,1841,1841,,,,,,,,,,
China,Balance of power war,1841,1841,,,,,,,,,,
Argentina,Civil war (non-secessionist) — Non-ethnic,1841,1842,,,,,,,,,,
Cambodia,Balance of power war,1841,1845,,,,,,,,,,
Pakistan,War of conquest,1843,1843,,,,,,,,,,
Morocco,War of conquest,1844,1844,,,,,,,,,,
Dominican Republic,Civil war (secessionist) — Nationalist,1844,1844,,,,,,,,,,
India,War of conquest,1845,1846,,,,,,,,,,
Uruguay,Balance of power war,1845,1852,,,,,,,,,,
Poland,Civil war (secessionist) — Nationalist,1846,1846,,,,,,,,,,
South Africa,War of conquest,1846,1847,,,,,,,,,,
"Mexico, United States of America",Balance of power war,1846,1848,,,,,,,,,,
Spain,Civil war (non-secessionist) — Ethnic,1847,1849,,,,,,,,,,
Mexico,Civil war (secessionist) — Non-nationalist,1847,1855,,,,,,,,,,
France,Civil war (non-secessionist) — Non-ethnic,1848,1848,,,,,,,,,,
Austria,Civil war (non-secessionist) — Ethnic,1848,1848,,,,,,,,,,
Italy,Civil war (secessionist) — Nationalist,1848,1849,,,,,,,,,,
"Denmark, Germany",Balance of power war,1848,1849,,,,,,,,,,
"India, Pakistan",War of conquest,1848,1849,,,,,,,,,,
Italy,Civil war (non-secessionist) — Non-ethnic,1848,1849,,,,,,,,,,
"Austria, Hungary, Romania",Civil war (secessionist) — Nationalist,1848,1849,,,,,,,,,,
Italy,Balance of power war,1849,1849,,,,,,,,,,
South Africa,War of conquest,1850,1853,,,,,,,,,,
France,Civil war (non-secessionist) — Non-ethnic,1851,1851,,,,,,,,,,
Chile,Civil war (non-secessionist) — Non-ethnic,1851,1851,,,,,,,,,,
"Argentina, Brazil",Civil war (non-secessionist) — Non-ethnic,1851,1852,,,,,,,,,,
Pakistan,Civil war (secessionist) — Non-nationalist,1852,1852,,,,,,,,,,
Uruguay,Balance of power war,1852,1852,,,,,,,,,,
Myanmar,War of conquest,1852,1853,,,,,,,,,,
Yugoslavia,Civil war (secessionist) — Nationalist,1852,1853,,,,,,,,,,
"Guinea, Mali",War of conquest,1852,1862,,,,,,,,,,
Peru,Civil war (non-secessionist) — Non-ethnic,1853,1855,,,,,,,,,,
Russia,Balance of power war,1853,1856,,,,,,,,,,
South Africa,Civil war (secessionist) — Non-nationalist,1854,1854,,,,,,,,,,
India,Civil war (non-secessionist) — Ethnic,1855,1856,,,,,,,,,,
South Africa,Civil war (non-secessionist) — Non-ethnic,1856,1856,,,,,,,,,,
Iran,Balance of power war,1856,1857,,,,,,,,,,
Algeria,War of conquest,1856,1857,,,,,,,,,,
Nicaragua,War of conquest,1856,1857,,,,,,,,,,
Peru,Civil war (non-secessionist) — Non-ethnic,1856,1858,,,,,,,,,,
China,War of conquest,1856,1860,,,,,,,,,,
Senegal,War of conquest,1857,1857,,,,,,,,,,
China,Civil war (secessionist) — Non-nationalist,1857,1857,,,,,,,,,,
India,Civil war (secessionist) — Non-nationalist,1857,1859,,,,,,,,,,
Yugoslavia,Civil war (secessionist) — Nationalist,1858,1859,,,,,,,,,,
Mexico,Civil war (non-secessionist) — Non-ethnic,1858,1861,,,,,,,,,,
"China, Vietnam",War of conquest,1858,1862,,,,,,,,,,
Italy,Civil war (secessionist) — Nationalist,1859,1859,,,,,,,,,,
Argentina,Civil war (secessionist) — Non-nationalist,1859,1859,,,,,,,,,,
Morocco,War of conquest,1859,1860,,,,,,,,,,
Venezuela,Civil war (non-secessionist) — Non-ethnic,1859,1863,,,,,,,,,,
Italy,Balance of power war,1860,1860,,,,,,,,,,
Italy,Balance of power war,1860,1861,,,,,,,,,,
Colombia,Civil war (non-secessionist) — Non-ethnic,1860,1862,,,,,,,,,,
China,Civil war (non-secessionist) — Non-ethnic,1860,1864,,,,,,,,,,
China,Civil war (non-secessionist) — Non-ethnic,1860,1868,,,,,,,,,,
New Zealand,War of conquest,1860,1870,,,,,,,,,,
China,Civil war (non-secessionist) — Ethnic,1860,1872,,,,,,,,,,
Argentina,Civil war (non-secessionist) — Non-ethnic,1861,1861,,,,,,,,,,
United States of America,Civil war (secessionist) — Non-nationalist,1861,1865,,,,,,,,,,
Yugoslavia,Civil war (secessionist) — Nationalist,1862,1862,,,,,,,,,,
Mexico,War of conquest,1862,1867,,,,,,,,,,
"Colombia, Ecuador",Balance of power war,1863,1863,,,,,,,,,,
Argentina,Civil war (non-secessionist) — Non-ethnic,1863,1863,,,,,,,,,,
Poland,Civil war (secessionist) — Nationalist,1863,1864,,,,,,,,,,
Dominican Republic,Civil war (secessionist) — Nationalist,1863,1865,,,,,,,,,,
China,Civil war (secessionist) — Non-nationalist,1863,1877,,,,,,,,,,
"Denmark, Germany",Balance of power war,1864,1864,,,,,,,,,,
"Kazakhstan, Uzbekistan",War of conquest,1864,1866,,,,,,,,,,
"Argentina, Brazil, Paraguay",Balance of power war,1864,1870,,,,,,,,,,
Bhutan,War of conquest,1865,1865,,,,,,,,,,
"Chile, Peru",Balance of power war,1865,1866,,,,,,,,,,
"Czech Republic, Italy",Balance of power war,1866,1866,,,,,,,,,,
Argentina,Civil war (non-secessionist) — Non-ethnic,1866,1867,,,,,,,,,,
Greece,Civil war (secessionist) — Nationalist,1866,1867,,,,,,,,,,
Ethiopia,Balance of power war,1867,1868,,,,,,,,,,
Spain,Civil war (non-secessionist) — Non-ethnic,1868,1868,,,,,,,,,,
Venezuela,Civil war (non-secessionist) — Non-ethnic,1868,1871,,,,,,,,,,
Cuba,Civil war (secessionist) — Nationalist,1868,1878,,,,,,,,,,
"France, Germany",Balance of power war,1870,1871,,,,,,,,,,
Argentina,Civil war (non-secessionist) — Non-ethnic,1870,1871,,,,,,,,,,
France,Civil war (non-secessionist) — Non-ethnic,1871,1871,,,,,,,,,,
Algeria,Civil war (secessionist) — Non-nationalist,1871,1872,,,,,,,,,,
Spain,Civil war (non-secessionist) — Non-ethnic,1872,1876,,,,,,,,,,
Ghana,War of conquest,1873,1874,,,,,,,,,,
Indonesia,War of conquest,1873,1878,,,,,,,,,,
Vietnam,War of conquest,1873,1885,,,,,,,,,,
Argentina,Civil war (non-secessionist) — Non-ethnic,1874,1874,,,,,,,,,,
"Eritrea, Ethiopia",Balance of power war,1875,1876,,,,,,,,,,
Uzbekistan,Civil war (secessionist) — Non-nationalist,1875,1876,,,,,,,,,,
Bosnia and Herzegovina,Civil war (non-secessionist) — Ethnic,1875,1877,,,,,,,,,,
Yugoslavia,Civil war (secessionist) — Nationalist,1875,1877,,,,,,,,,,
"El Salvador, Guatemala",War of conquest,1876,1876,,,,,,,,,,
United States of America,Civil war (secessionist) — Non-nationalist,1876,1876,,,,,,,,,,
Mexico,Civil war (non-secessionist) — Non-ethnic,1876,1876,,,,,,,,,,
Colombia,Civil war (non-secessionist) — Non-ethnic,1876,1877,,,,,,,,,,
Japan,Civil war (non-secessionist) — Non-ethnic,1877,1877,,,,,,,,,,
"Bulgaria, Turkey",Balance of power war,1877,1878,,,,,,,,,,
South Africa,War of conquest,1877,1878,,,,,,,,,,
Bosnia and Herzegovina,Civil war (secessionist) — Non-nationalist,1878,1878,,,,,,,,,,
Sudan,Civil war (non-secessionist) — Non-ethnic,1878,1878,,,,,,,,,,
Afghanistan,Balance of power war,1878,1880,,,,,,,,,,
Turkmenistan,War of conquest,1878,1881,,,,,,,,,,
South Africa,War of conquest,1879,1879,,,,,,,,,,
"Bolivia, Chile, Peru",Balance of power war,1879,1883,,,,,,,,,,
Argentina,Civil war (non-secessionist) — Non-ethnic,1880,1880,,,,,,,,,,
Lesotho,Civil war (secessionist) — Non-nationalist,1880,1881,,,,,,,,,,
South Africa,Civil war (secessionist) — Nationalist,1880,1881,,,,,,,,,,
Turkmenistan,War of conquest,1881,1881,,,,,,,,,,
Tunisia,War of conquest,1881,1882,,,,,,,,,,
Egypt,War of conquest,1882,1882,,,,,,,,,,
Vietnam,War of conquest,1882,1884,,,,,,,,,,
Sudan,Civil war (secessionist) — Non-nationalist,1882,1885,,,,,,,,,,
Madagascar,War of conquest,1883,1885,,,,,,,,,,
China,War of conquest,1884,1885,,,,,,,,,,
Colombia,Civil war (non-secessionist) — Non-ethnic,1884,1885,,,,,,,,,,
"El Salvador, Guatemala",War of conquest,1885,1885,,,,,,,,,,
Afghanistan,War of conquest,1885,1885,,,,,,,,,,
"Bulgaria, Yugoslavia",Balance of power war,1885,1885,,,,,,,,,,
Myanmar,War of conquest,1885,1886,,,,,,,,,,
"Guinea, Mali",Balance of power war,1885,1886,,,,,,,,,,
Sudan,Civil war (secessionist) — Non-nationalist,1885,1895,,,,,,,,,,
"Eritrea, Ethiopia",War of conquest,1887,1887,,,,,,,,,,
Greece,Civil war (secessionist) — Nationalist,1888,1889,,,,,,,,,,
Uganda,Civil war (non-secessionist) — Ethnic,1888,1892,,,,,,,,,,
Ethiopia,Balance of power war,1889,1889,,,,,,,,,,
Benin,War of conquest,1889,1892,,,,,,,,,,
"Mali, Senegal",War of conquest,1890,1891,,,,,,,,,,
Chile,Civil war (non-secessionist) — Non-ethnic,1891,1891,,,,,,,,,,
Mali,War of conquest,1891,1891,,,,,,,,,,
"Congo, Dem. Rep.",War of conquest,1892,1892,,,,,,,,,,
Thailand,Balance of power war,1893,1893,,,,,,,,,,
Chad,Civil war (non-secessionist) — Non-ethnic,1893,1893,,,,,,,,,,
Nigeria,Balance of power war,1893,1893,,,,,,,,,,
Zimbabwe,War of conquest,1893,1893,,,,,,,,,,
Ghana,War of conquest,1893,1894,,,,,,,,,,
Brazil,Civil war (non-secessionist) — Non-ethnic,1893,1894,,,,,,,,,,
Brazil,Civil war (non-secessionist) — Non-ethnic,1893,1894,,,,,,,,,,
Indonesia,War of conquest,1894,1894,,,,,,,,,,
"North Korea, South Korea",Civil war (non-secessionist) — Non-ethnic,1894,1894,,,,,,,,,,
"China, Korea",War of conquest,1894,1895,,,,,,,,,,
Madagascar,War of conquest,1894,1895,,,,,,,,,,
Peru,Civil war (non-secessionist) — Non-ethnic,1894,1895,,,,,,,,,,
Taiwan,Civil war (secessionist) — Nationalist,1895,1895,,,,,,,,,,
Ethiopia,War of conquest,1895,1896,,,,,,,,,,
Cuba,Civil war (secessionist) — Nationalist,1895,1898,,,,,,,,,,
Lebanon,Civil war (non-secessionist) — Ethnic,1896,1896,,,,,,,,,,
Brazil,Civil war (non-secessionist) — Ethnic,1896,1897,,,,,,,,,,
Greece,Civil war (secessionist) — Nationalist,1896,1897,,,,,,,,,,
Zimbabwe,Civil war (secessionist) — Non-nationalist,1896,1897,,,,,,,,,,
Philippines,Civil war (secessionist) — Nationalist,1896,1898,,,,,,,,,,
Sudan,War of conquest,1896,1899,,,,,,,,,,
Greece,Balance of power war,1897,1897,,,,,,,,,,
Nigeria,War of conquest,1897,1897,,,,,,,,,,
Pakistan,Civil war (non-secessionist) — Ethnic,1897,1898,,,,,,,,,,
Cuba,Balance of power war,1898,1898,,,,,,,,,,
Sierra Leone,Civil war (non-secessionist) — Ethnic,1898,1898,,,,,,,,,,
Venezuela,Civil war (non-secessionist) — Non-ethnic,1899,1899,,,,,,,,,,
Philippines,Civil war (secessionist) — Nationalist,1899,1902,,,,,,,,,,
South Africa,War of conquest,1899,1902,,,,,,,,,,
Colombia,Civil war (non-secessionist) — Non-ethnic,1899,1903,,,,,,,,,,
Somalia,Civil war (non-secessionist) — Ethnic,1899,1905,,,,,,,,,,
China,Balance of power war,1900,1900,,,,,,,,,,
"China, Russia",Balance of power war,1900,1900,,,,,,,,,,
Venezuela,Civil war (non-secessionist) — Non-ethnic,1901,1903,,,,,,,,,,
Nigeria,War of conquest,1903,1903,,,,,,,,,,
Macedonia,Civil war (secessionist) — Nationalist,1903,1903,,,,,,,,,,
China,War of conquest,1903,1904,,,,,,,,,,
Uruguay,Civil war (non-secessionist) — Non-ethnic,1904,1904,,,,,,,,,,
"China, Korea",Balance of power war,1904,1905,,,,,,,,,,
Namibia,War of conquest,1904,1905,,,,,,,,,,
Tanzania,Civil war (non-secessionist) — Ethnic,1905,1906,,,,,,,,,,
"Azerbaijan, Russia, Ukraine",Civil war (non-secessionist) — Ethnic,1905,1906,,,,,,,,,,
"El Salvador, Honduras",Balance of power war,1906,1906,,,,,,,,,,
South Africa,Civil war (non-secessionist) — Ethnic,1906,1906,,,,,,,,,,
Nigeria,Civil war (non-secessionist) — Ethnic,1906,1906,,,,,,,,,,
Honduras,Balance of power war,1907,1907,,,,,,,,,,
Romania,Civil war (non-secessionist) — Non-ethnic,1907,1907,,,,,,,,,,
Morocco,Civil war (non-secessionist) — Non-ethnic,1907,1908,,,,,,,,,,
Iran,Civil war (non-secessionist) — Non-ethnic,1908,1909,,,,,,,,,,
Morocco,Balance of power war,1909,1910,,,,,,,,,,
Mexico,Civil war (non-secessionist) — Non-ethnic,1910,1920,,,,,,,,,,
Morocco,Civil war (non-secessionist) — Non-ethnic,1911,1911,,,,,,,,,,
China,Civil war (non-secessionist) — Non-ethnic,1911,1911,,,,,,,,,,
Libya,War of conquest,1911,1912,,,,,,,,,,
Morocco,War of conquest,1911,1912,,,,,,,,,,
Paraguay,Civil war (non-secessionist) — Non-ethnic,1911,1912,,,,,,,,,,
Ecuador,Civil war (non-secessionist) — Non-ethnic,1912,1912,,,,,,,,,,
"Albania, Greece, Macedonia, Turkey",Balance of power war,1912,1913,,,,,,,,,,
China,Civil war (secessionist) — Non-nationalist,1912,1913,,,,,,,,,,
"Bulgaria, Macedonia",Balance of power war,1913,1913,,,,,,,,,,
China,Civil war (non-secessionist) — Non-ethnic,1913,1913,,,,,,,,,,
China,Civil war (non-secessionist) — Non-ethnic,1914,1914,,,,,,,,,,
Kyrgystan,Civil war (non-secessionist) — Ethnic,1916,1916,,,,,,,,,,
Morocco,Civil war (secessionist) — Nationalist,1916,1917,,,,,,,,,,
Poland,Civil war (secessionist) — Nationalist,1916,1917,,,,,,,,,,
China,Civil war (secessionist) — Nationalist,1917,1918,,,,,,,,,,
Russia,Civil war (non-secessionist) — Non-ethnic,1917,1921,,,,,,,,,,
"Estonia, Latvia, Lithuania, Poland, Ukraine",Civil war (secessionist) — Nationalist,1917,1921,,,,,,,,,,
China,Balance of power war,1918,1918,,,,,,,,,,
Finland,Civil war (non-secessionist) — Non-ethnic,1918,1918,,,,,,,,,,
Haiti,Civil war (secessionist) — Nationalist,1918,1920,,,,,,,,,,
"Hungary, Slovakia",Balance of power war,1919,1919,,,,,,,,,,
Afghanistan,Balance of power war,1919,1919,,,,,,,,,,
"Poland, Russia, Ukraine",Balance of power war,1919,1920,,,,,,,,,,
"Hungary, Slovakia",Balance of power war,1919,1920,,,,,,,,,,
Pakistan,Civil war (non-secessionist) — Ethnic,1919,1920,,,,,,,,,,
Turkey,Balance of power war,1919,1921,,,,,,,,,,
Turkey,Balance of power war,1919,1922,,,,,,,,,,
Lithuania,Balance of power war,1920,1920,,,,,,,,,,
Syria,War of conquest,1920,1920,,,,,,,,,,
Iraq,Civil war (secessionist) — Nationalist,1920,1921,,,,,,,,,,
Russia,Civil war (non-secessionist) — Non-ethnic,1920,1921,,,,,,,,,,
Libya,War of conquest,1920,1932,,,,,,,,,,
India,Civil war (secessionist) — Non-nationalist,1921,1922,,,,,,,,,,
Morocco,Civil war (secessionist) — Nationalist,1921,1926,,,,,,,,,,
Bulgaria,Civil war (non-secessionist) — Non-ethnic,1923,1923,,,,,,,,,,
Mexico,Civil war (non-secessionist) — Non-ethnic,1923,1924,,,,,,,,,,
Honduras,Civil war (non-secessionist) — Non-ethnic,1924,1924,,,,,,,,,,
Afghanistan,Civil war (non-secessionist) — Non-ethnic,1924,1925,,,,,,,,,,
"Lebanon, Syria",Civil war (secessionist) — Nationalist,1925,1927,,,,,,,,,,
China,Civil war (non-secessionist) — Non-ethnic,1926,1928,,,,,,,,,,
Mexico,Civil war (non-secessionist) — Non-ethnic,1926,1930,,,,,,,,,,
China,Civil war (secessionist) — Nationalist,1928,1928,,,,,,,,,,
Afghanistan,Civil war (non-secessionist) — Non-ethnic,1928,1929,,,,,,,,,,
China,Balance of power war,1929,1929,,,,,,,,,,
Mexico,Civil war (non-secessionist) — Non-ethnic,1929,1929,,,,,,,,,,
Saudi Arabia,Civil war (non-secessionist) — Non-ethnic,1929,1930,,,,,,,,,,
China,Civil war (non-secessionist) — Non-ethnic,1929,1930,,,,,,,,,,
Myanmar,Civil war (secessionist) — Non-nationalist,1930,1932,,,,,,,,,,
China,Civil war (non-secessionist) — Non-ethnic,1930,1935,,,,,,,,,,
China,Balance of power war,1931,1933,,,,,,,,,,
China,Civil war (secessionist) — Nationalist,1931,1934,,,,,,,,,,
El Salvador,Civil war (non-secessionist) — Non-ethnic,1932,1932,,,,,,,,,,
Peru,Civil war (non-secessionist) — Non-ethnic,1932,1932,,,,,,,,,,
Brazil,Civil war (non-secessionist) — Non-ethnic,1932,1932,,,,,,,,,,
"Bolivia, Paraguay",Balance of power war,1932,1935,,,,,,,,,,
Yemen,Balance of power war,1934,1934,,,,,,,,,,
Austria,Civil war (non-secessionist) — Non-ethnic,1934,1934,,,,,,,,,,
Spain,Civil war (non-secessionist) — Non-ethnic,1934,1934,,,,,,,,,,
Ethiopia,War of conquest,1935,1936,,,,,,,,,,
Israel,Civil war (secessionist) — Nationalist,1936,1939,,,,,,,,,,
Spain,Civil war (non-secessionist) — Non-ethnic,1936,1939,,,,,,,,,,
China,War of conquest,1937,1941,,,,,,,,,,
"China, Mongolia, Russia",Balance of power war,1938,1938,,,,,,,,,,
China,Balance of power war,1939,1939,,,,,,,,,,
Finland,Balance of power war,1939,1940,,,,,,,,,,
"Cambodia, Laos",Balance of power war,1940,1941,,,,,,,,,,
Greece,Civil war (non-secessionist) — Non-ethnic,1944,1949,,,,,,,,,,
Indonesia,Civil war (secessionist) — Nationalist,1945,1946,,,,,,,,,,
"Cambodia, Laos, Vietnam",Civil war (secessionist) — Nationalist,1945,1954,,,,,,,,,,
China,Civil war (non-secessionist) — Non-ethnic,1946,1950,,,,,,,,,,
Paraguay,Civil war (non-secessionist) — Non-ethnic,1947,1947,,,,,,,,,,
Taiwan,Civil war (secessionist) — Nationalist,1947,1947,,,,,,,,,,
Madagascar,Civil war (secessionist) — Nationalist,1947,1948,,,,,,,,,,
India,Civil war (secessionist) — Non-nationalist,1948,1948,,,,,,,,,,
Yemen,Civil war (non-secessionist) — Non-ethnic,1948,1948,,,,,,,,,,
Costa Rica,Civil war (non-secessionist) — Non-ethnic,1948,1948,,,,,,,,,,
"India, Pakistan",Balance of power war,1948,1949,,,,,,,,,,
"Egypt, Israel",Balance of power war,1948,1949,,,,,,,,,,
Colombia,Civil war (non-secessionist) — Non-ethnic,1948,1949,,,,,,,,,,
Myanmar,Civil war (secessionist) — Non-nationalist,1948,1951,,,,,,,,,,
Malaysia,Civil war (secessionist) — Nationalist,1948,1957,,,,,,,,,,
Colombia,Civil war (non-secessionist) — Non-ethnic,1949,1962,,,,,,,,,,
Indonesia,Civil war (secessionist) — Nationalist,1950,1950,,,,,,,,,,
China,War of conquest,1950,1951,,,,,,,,,,
Philippines,Civil war (non-secessionist) — Non-ethnic,1950,1952,,,,,,,,,,
"North Korea, South Korea",Balance of power war,1950,1953,,,,,,,,,,
Bolivia,Civil war (non-secessionist) — Ethnic,1952,1952,,,,,,,,,,
Tunisia,Civil war (secessionist) — Nationalist,1952,1954,,,,,,,,,,
Kenya,Civil war (secessionist) — Nationalist,1952,1956,,,,,,,,,,
Indonesia,Civil war (non-secessionist) — Non-ethnic,1953,1953,,,,,,,,,,
Morocco,Civil war (secessionist) — Nationalist,1953,1956,,,,,,,,,,
Guatemala,Civil war (non-secessionist) — Non-ethnic,1954,1954,,,,,,,,,,
Algeria,Civil war (secessionist) — Nationalist,1954,1962,,,,,,,,,,
Argentina,Civil war (non-secessionist) — Non-ethnic,1955,1955,,,,,,,,,,
Cameroon,Civil war (secessionist) — Nationalist,1955,1960,,,,,,,,,,
Hungary,Civil war (secessionist) — Nationalist,1956,1956,,,,,,,,,,
"Egypt, Israel",Balance of power war,1956,1956,,,,,,,,,,
China,Civil war (secessionist) — Nationalist,1956,1959,,,,,,,,,,
Indonesia,Civil war (non-secessionist) — Non-ethnic,1956,1960,,,,,,,,,,
Lebanon,Civil war (non-secessionist) — Ethnic,1958,1958,,,,,,,,,,
Cuba,Civil war (non-secessionist) — Non-ethnic,1958,1959,,,,,,,,,,
Iraq,Civil war (non-secessionist) — Non-ethnic,1959,1959,,,,,,,,,,
Laos,Civil war (non-secessionist) — Non-ethnic,1960,1962,,,,,,,,,,
Vietnam,Civil war (non-secessionist) — Non-ethnic,1960,1965,,,,,,,,,,
"Congo, Dem. Rep.",Civil war (secessionist) — Non-nationalist,1960,1965,,,,,,,,,,
Iraq,Civil war (secessionist) — Nationalist,1961,1963,,,,,,,,,,
Angola,Civil war (secessionist) — Nationalist,1961,1975,,,,,,,,,,
"China, India",Balance of power war,1962,1962,,,,,,,,,,
Algeria,Civil war (non-secessionist) — Ethnic,1962,1963,,,,,,,,,,
Yemen,Civil war (non-secessionist) — Non-ethnic,1962,1969,,,,,,,,,,
Guinea-Bissau,Civil war (secessionist) — Nationalist,1962,1974,,,,,,,,,,
Rwanda,Civil war (non-secessionist) — Ethnic,1963,1964,,,,,,,,,,
Sudan,Civil war (secessionist) — Nationalist,1963,1972,,,,,,,,,,
Laos,Civil war (non-secessionist) — Non-ethnic,1963,1973,,,,,,,,,,
Mozambique,Civil war (secessionist) — Nationalist,1964,1975,,,,,,,,,,
"India, Pakistan",Balance of power war,1965,1965,,,,,,,,,,
Dominican Republic,Civil war (non-secessionist) — Non-ethnic,1965,1965,,,,,,,,,,
"Laos, Vietnam",Balance of power war,1965,1975,,,,,,,,,,
Uganda,Civil war (non-secessionist) — Ethnic,1966,1966,,,,,,,,,,
Chad,Civil war (non-secessionist) — Ethnic,1966,1971,,,,,,,,,,
Guatemala,Civil war (non-secessionist) — Ethnic,1966,1972,,,,,,,,,,
"Egypt, Israel, Jordan, Syria",Balance of power war,1967,1967,,,,,,,,,,
China,Civil war (non-secessionist) — Non-ethnic,1967,1968,,,,,,,,,,
Nigeria,Civil war (secessionist) — Nationalist,1967,1970,,,,,,,,,,
Myanmar,Civil war (non-secessionist) — Ethnic,1968,1980,,,,,,,,,,
"El Salvador, Honduras",Balance of power war,1969,1969,,,,,,,,,,
Egypt,Balance of power war,1969,1970,,,,,,,,,,
"Jordan, Syria",Civil war (non-secessionist) — Ethnic,1970,1970,,,,,,,,,,
Guatemala,Civil war (non-secessionist) — Non-ethnic,1970,1971,,,,,,,,,,
Thailand,Civil war (non-secessionist) — Non-ethnic,1970,1973,,,,,,,,,,
Cambodia,Civil war (non-secessionist) — Non-ethnic,1970,1975,,,,,,,,,,
"Bangladesh, India, Pakistan",Balance of power war,1971,1971,,,,,,,,,,
"India, Pakistan",Civil war (secessionist) — Nationalist,1971,1971,,,,,,,,,,
Sri Lanka,Civil war (non-secessionist) — Non-ethnic,1971,1971,,,,,,,,,,
Burundi,Civil war (non-secessionist) — Ethnic,1972,1972,,,,,,,,,,
Zimbabwe,Civil war (non-secessionist) — Ethnic,1972,1979,,,,,,,,,,
Philippines,Civil war (secessionist) — Nationalist,1972,1980,,,,,,,,,,
Philippines,Civil war (non-secessionist) — Non-ethnic,1972,1992,,,,,,,,,,
"Egypt, Israel, Syria",Balance of power war,1973,1973,,,,,,,,,,
Chile,Civil war (non-secessionist) — Non-ethnic,1973,1973,,,,,,,,,,
Pakistan,Civil war (non-secessionist) — Ethnic,1973,1977,,,,,,,,,,
Cyprus,Balance of power war,1974,1974,,,,,,,,,,
Iraq,Civil war (secessionist) — Nationalist,1974,1975,,,,,,,,,,
"Eritrea, Ethiopia",Civil war (secessionist) — Nationalist,1974,1991,,,,,,,,,,
Indonesia,Civil war (secessionist) — Nationalist,1975,1977,,,,,,,,,,
"Cambodia, Laos, Thailand, Vietnam",Balance of power war,1975,1979,,,,,,,,,,
Morocco,Civil war (secessionist) — Nationalist,1975,1983,,,,,,,,,,
"Angola, Namibia",Civil war (secessionist) — Nationalist,1975,1988,,,,,,,,,,
Lebanon,Civil war (non-secessionist) — Ethnic,1975,1990,,,,,,,,,,
Angola,Civil war (non-secessionist) — Ethnic,1975,1991,,,,,,,,,,
Ethiopia,Civil war (secessionist) — Nationalist,1976,1983,,,,,,,,,,
"Ethiopia, Somalia",Balance of power war,1977,1978,,,,,,,,,,
"Tanzania, Uganda",Balance of power war,1978,1979,,,,,,,,,,
Iran,Civil war (non-secessionist) — Ethnic,1978,1979,,,,,,,,,,
Nicaragua,Civil war (non-secessionist) — Non-ethnic,1978,1979,,,,,,,,,,
Guatemala,Civil war (non-secessionist) — Ethnic,1978,1984,,,,,,,,,,
Ethiopia,Civil war (non-secessionist) — Ethnic,1978,1991,,,,,,,,,,
Cambodia,Civil war (non-secessionist) — Non-ethnic,1978,1991,,,,,,,,,,
Afghanistan,Civil war (non-secessionist) — Non-ethnic,1978,1992,,,,,,,,,,
Vietnam,Balance of power war,1979,1979,,,,,,,,,,
El Salvador,Civil war (non-secessionist) — Non-ethnic,1979,1992,,,,,,,,,,
Mozambique,Civil war (non-secessionist) — Ethnic,1979,1992,,,,,,,,,,
Nigeria,Civil war (non-secessionist) — Non-ethnic,1980,1981,,,,,,,,,,
"Iran, Iraq",Balance of power war,1980,1988,,,,,,,,,,
Chad,Civil war (non-secessionist) — Ethnic,1980,1988,,,,,,,,,,
Uganda,Civil war (non-secessionist) — Non-ethnic,1980,1988,,,,,,,,,,
Iran,Civil war (non-secessionist) — Non-ethnic,1981,1982,,,,,,,,,,
Argentina,Balance of power war,1982,1982,,,,,,,,,,
Lebanon,Balance of power war,1982,1982,,,,,,,,,,
Nicaragua,Civil war (non-secessionist) — Ethnic,1982,1990,,,,,,,,,,
Peru,Civil war (non-secessionist) — Non-ethnic,1982,1995,,,,,,,,,,
Somalia,Civil war (non-secessionist) — Non-ethnic,1982,1997,,,,,,,,,,
Myanmar,Civil war (secessionist) — Nationalist,1983,1995,,,,,,,,,,
Sri Lanka,Civil war (secessionist) — Nationalist,1983,2001,,,,,,,,,,
Sudan,Civil war (non-secessionist) — Ethnic,1983,2001,,,,,,,,,,
Nigeria,Civil war (non-secessionist) — Non-ethnic,1984,1984,,,,,,,,,,
Colombia,Civil war (non-secessionist) — Non-ethnic,1984,2001,,,,,,,,,,
Iraq,Civil war (secessionist) — Nationalist,1985,1993,,,,,,,,,,
"India, Pakistan",Civil war (secessionist) — Nationalist,1985,2001,,,,,,,,,,
Yemen,Civil war (non-secessionist) — Non-ethnic,1986,1986,,,,,,,,,,
"China, Vietnam",Balance of power war,1987,1987,,,,,,,,,,
Sri Lanka,Civil war (non-secessionist) — Non-ethnic,1987,1989,,,,,,,,,,
Burundi,Civil war (non-secessionist) — Ethnic,1988,1988,,,,,,,,,,
Romania,Civil war (non-secessionist) — Non-ethnic,1989,1989,,,,,,,,,,
Liberia,Civil war (non-secessionist) — Ethnic,1989,1990,,,,,,,,,,
"Iraq, Kuwait",Balance of power war,1990,1991,,,,,,,,,,
Rwanda,Civil war (non-secessionist) — Ethnic,1990,1993,,,,,,,,,,
Burundi,Civil war (non-secessionist) — Ethnic,1991,1991,,,,,,,,,,
Croatia,Balance of power war,1991,1992,,,,,,,,,,
Georgia,Civil war (non-secessionist) — Ethnic,1991,1994,,,,,,,,,,
Azerbaijan,Civil war (secessionist) — Nationalist,1991,1994,,,,,,,,,,
Sierra Leone,Civil war (non-secessionist) — Non-ethnic,1991,1996,,,,,,,,,,
Turkey,Civil war (secessionist) — Nationalist,1991,1999,,,,,,,,,,
Angola,Civil war (non-secessionist) — Ethnic,1992,1994,,,,,,,,,,
Bosnia and Herzegovina,Civil war (secessionist) — Nationalist,1992,1995,,,,,,,,,,
Liberia,Civil war (non-secessionist) — Ethnic,1992,1995,,,,,,,,,,
Tajikistan,Civil war (non-secessionist) — Non-ethnic,1992,1997,,,,,,,,,,
Algeria,Civil war (non-secessionist) — Non-ethnic,1992,2001,,,,,,,,,,
"Congo, Dem. Rep.",Civil war (non-secessionist) — Ethnic,1993,1993,,,,,,,,,,
Cambodia,Civil war (non-secessionist) — Non-ethnic,1993,1997,,,,,,,,,,
Burundi,Civil war (non-secessionist) — Ethnic,1993,2001,,,,,,,,,,
Rwanda,Civil war (non-secessionist) — Ethnic,1994,1994,,,,,,,,,,
Yemen,Civil war (secessionist) — Nationalist,1994,1994,,,,,,,,,,
Pakistan,Civil war (non-secessionist) — Ethnic,1994,1995,,,,,,,,,,
Russia,Civil war (secessionist) — Nationalist,1994,1996,,,,,,,,,,
Liberia,Civil war (non-secessionist) — Ethnic,1996,1996,,,,,,,,,,
Iraq,Civil war (secessionist) — Nationalist,1996,1996,,,,,,,,,,
"Congo, Dem. Rep.",Civil war (non-secessionist) — Ethnic,1996,1997,,,,,,,,,,
Nepal,Civil war (non-secessionist) — Non-ethnic,1996,1997,,,,,,,,,,
Uganda,Civil war (non-secessionist) — Ethnic,1996,2001,,,,,,,,,,
Congo,Civil war (non-secessionist) — Ethnic,1997,1998,,,,,,,,,,
Congo,Civil war (non-secessionist) — Ethnic,1997,1999,,,,,,,,,,
Guinea-Bissau,Civil war (non-secessionist) — Non-ethnic,1998,1998,,,,,,,,,,
Yugoslavia,Civil war (secessionist) — Nationalist,1998,1999,,,,,,,,,,
"Congo, Dem. Rep.",Civil war (non-secessionist) — Non-ethnic,1998,2000,,,,,,,,,,
"Eritrea, Ethiopia",Balance of power war,1998,2000,,,,,,,,,,
Sierra Leone,Civil war (non-secessionist) — Non-ethnic,1998,2000,,,,,,,,,,
Rwanda,Civil war (non-secessionist) — Ethnic,1998,2001,,,,,,,,,,
"India, Pakistan",Balance of power war,1999,1999,,,,,,,,,,
Philippines,Civil war (secessionist) — Non-nationalist,2000,2001,,,,,,,,,,
Azerbaijan,Balance of power war,1817,1918,,,,,,,,,,
Belarus,Balance of power war,1914,1918,,,,,,,,,,
Belgium,Balance of power war,1914,1918,,,,,,,,,,
Bosnia and Herzegovina,Balance of power war,1914,1918,,,,,,,,,,
Cameroon,War of conquest,1914,1918,,,,,,,,,,
Egypt,War of conquest,1914,1918,,,,,,,,,,
France,Balance of power war,1914,1918,,,,,,,,,,
Germany,Balance of power war,1914,1918,,,,,,,,,,
Greece,War of conquest,1914,1918,,,,,,,,,,
Iraq,Balance of power war,1914,1918,,,,,,,,,,
Israel,Balance of power war,1917,1918,,,,,,,,,,
Italy,War of conquest,1914,1918,,,,,,,,,,
Jordan,Civil war (secessionist) — Nationalist,1917,1918,,,,,,,,,,
Latvia,Balance of power war,1917,1918,,,,,,,,,,
Macedonia,Balance of power war,1916,1918,,,,,,,,,,
Poland,Balance of power war,1914,1918,,,,,,,,,,
Romania,Balance of power war,1916,1918,,,,,,,,,,
Russia,Balance of power war,1914,1918,,,,,,,,,,
Slovenia,War of conquest,1914,1918,,,,,,,,,,
Tanzania,War of conquest,1914,1918,,,,,,,,,,
Turkey,Balance of power war,1914,1918,,,,,,,,,,
Ukraine,Balance of power war,1914,1918,,,,,,,,,,
Yugoslavia,Balance of power war,1914,1918,,,,,,,,,,
Albania,Balance of power war,1939,1944,,,,,,,,,,
Algeria,Balance of power war,1940,1942,,,,,,,,,,
Austria,Balance of power war,1944,1945,,,,,,,,,,
Belarus,War of conquest,1941,1944,,,,,,,,,,
Belgium,War of conquest,1940,1945,,,,,,,,,,
Bosnia,Balance of power war,1941,1944,,,,,,,,,,
Bulgaria,Balance of power war,1944,1944,,,,,,,,,,
Burma,Balance of power war,1941,1945,,,,,,,,,,
China,Balance of power war,1944,1945,,,,,,,,,,
Croatia,Balance of power war,1941,1945,,,,,,,,,,
Czech Republic,Balance of power war,1944,1945,,,,,,,,,,
Egypt,Balance of power war,1940,1942,,,,,,,,,,
Eritrea,Balance of power war,1941,1941,,,,,,,,,,
Estonia,War of conquest,1941,1944,,,,,,,,,,
Ethiopia,Balance of power war,1941,1941,,,,,,,,,,
Finland,Balance of power war,1941,1945,,,,,,,,,,
France,Balance of power war,1940,1945,,,,,,,,,,
Germany,Balance of power war,1942,1945,,,,,,,,,,
Greece,Balance of power war,1940,1945,,,,,,,,,,
Hungary,Balance of power war,1944,1945,,,,,,,,,,
Indonesia,Balance of power war,1942,1942,,,,,,,,,,
Italy,Balance of power war,1943,1945,,,,,,,,,,
Japan,Balance of power war,1944,1945,,,,,,,,,,
Latvia,War of conquest,1941,1944,,,,,,,,,,
Lebanon,Balance of power war,1941,1941,,,,,,,,,,
Libya,Balance of power war,1940,1943,,,,,,,,,,
Lithuania,War of conquest,1941,1944,,,,,,,,,,
Macedonia,Balance of power war,1941,1944,,,,,,,,,,
Madagascar,Balance of power war,1942,1942,,,,,,,,,,
Malaysia,Balance of power war,1941,1942,,,,,,,,,,
Morocco,Balance of power war,1942,1943,,,,,,,,,,
Netherlands,War of conquest,1940,1945,,,,,,,,,,
Norway,War of conquest,1940,1944,,,,,,,,,,
Papua New Guinea,Balance of power war,1942,1945,,,,,,,,,,
Philippines,Balance of power war,1941,1945,,,,,,,,,,
Poland,War of conquest,1940,1945,,,,,,,,,,
Romania,Balance of power war,1944,1944,,,,,,,,,,
Russia,War of conquest,1941,1944,,,,,,,,,,
Slovakia,Balance of power war,1944,1945,,,,,,,,,,
Slovenia,Balance of power war,1941,1945,,,,,,,,,,
Somalia,Balance of power war,1940,1941,,,,,,,,,,
Syria,Balance of power war,1941,1941,,,,,,,,,,
Tunisia,Balance of power war,1942,1945,,,,,,,,,,
Ukraine,War of conquest,1941,1944,,,,,,,,,,
United Kingdom,Balance of power war,1940,1945,,,,,,,,,,
Yugoslavia,Balance of power war,1941,1944,,,,,,,,,,
,,,,,,,,,,,,,
,,,,,,,,,,,,,
,,,,,,,,,,,,,
,,,,,,,,,,,,,
,,,,,,,,,,,,,
,,,,,,,,,,,,,
,,,,,,,,,,,,,
,,,,,,,,,,,,,
,,,,,,,,,,,,,
,,,,,,,,,,,,,
,,,,,,,,,,,,,
,,,,,,,,,,,,,
,,,,,,,,,,,,,
,,,,,,,,,,,,,
,,,,,,,,,,,,,
,,,,,,,,,,,,,
,,,,,,,,,,,,,
,,,,,,,,,,,,,
,,,,,,,,,,,,,
,,,,,,,,,,,,,
,,,,,,,,,,,,,
,,,,,,,,,,,,,
,,,,,,,,,,,,,
,,,,,,,,,,,,,
,,,,,,,,,,,,,
,,,,,,,,,,,,,
,,,,,,,,,,,,,
,,,,,,,,,,,,,
,,,,,,,,,,,,,
,,,,,,,,,,,,,
,,,,,,,,,,,,,
,,,,,,,,,,,,,
,,,,,,,,,,,,,
,,,,,,,,,,,,,
,,,,,,,,,,,,,
,,,,,,,,,,,,,
,,,,,,,,,,,,,
,,,,,,,,,,,,,
,,,,,,,,,,,,,
,,,,,,,,,,,,,
,,,,,,,,,,,,,
,,,,,,,,,,,,,
,,,,,,,,,,,,,
,,,,,,,,,,,,,
,,,,,,,,,,,,,
,,,,,,,,,,,,,
,,,,,,,,,,,,,
,,,,,,,,,,,,,
,,,,,,,,,,,,,
,,,,,,,,,,,,,
,,,,,,,,,,,,,
,,,,,,,,,,,,,
,,,,,,,,,,,,,
,,,,,,,,,,,,,
,,,,,,,,,,,,,
,,,,,,,,,,,,,
,,,,,,,,,,,,,
,,,,,,,,,,,,,
,,,,,,,,,,,,,
,,,,,,,,,,,,,
,,,,,,,,,,,,,
,,,,,,,,,,,,,
,,,,,,,,,,,,,
,,,,,,,,,,,,,
,,,,,,,,,,,,,
,,,,,,,,,,,,,
,,,,,,,,,,,,,
,,,,,,,,,,,,,
,,,,,,,,,,,,,
,,,,,,,,,,,,,
,,,,,,,,,,,,,
,,,,,,,,,,,,,
,,,,,,,,,,,,,
,,,,,,,,,,,,,
,,,,,,,,,,,,,
,,,,,,,,,,,,,
,,,,,,,,,,,,,
,,,,,,,,,,,,,
,,,,,,,,,,,,,
,,,,,,,,,,,,,
,,,,,,,,,,,,,
,,,,,,,,,,,,,
,,,,,,,,,,,,,
,,,,,,,,,,,,,
,,,,,,,,,,,,,
,,,,,,,,,,,,,
,,,,,,,,,,,,,
,,,,,,,,,,,,,
,,,,,,,,,,,,,
,,,,,,,,,,,,,
,,,,,,,,,,,,,
,,,,,,,,,,,,,
,,,,,,,,,,,,,
,,,,,,,,,,,,,
,,,,,,,,,,,,,
,,,,,,,,,,,,,
,,,,,,,,,,,,,
,,,,,,,,,,,,,
,,,,,,,,,,,,,
,,,,,,,,,,,,,
,,,,,,,,,,,,,
,,,,,,,,,,,,,
,,,,,,,,,,,,,
,,,,,,,,,,,,,
,,,,,,,,,,,,,
,,,,,,,,,,,,,
,,,,,,,,,,,,,
,,,,,,,,,,,,,
,,,,,,,,,,,,,
,,,,,,,,,,,,,
,,,,,,,,,,,,,
,,,,,,,,,,,,,
,,,,,,,,,,,,,
,,,,,,,,,,,,,
,,,,,,,,,,,,,
,,,,,,,,,,,,,
,,,,,,,,,,,,,
,,,,,,,,,,,,,
,,,,,,,,,,,,,
,,,,,,,,,,,,,
,,,,,,,,,,,,,
,,,,,,,,,,,,,
,,,,,,,,,,,,,
,,,,,,,,,,,,,
,,,,,,,,,,,,,
,,,,,,,,,,,,,
,,,,,,,,,,,,,
,,,,,,,,,,,,,
,,,,,,,,,,,,,
,,,,,,,,,,,,,
,,,,,,,,,,,,,
,,,,,,,,,,,,,
,,,,,,,,,,,,,
,,,,,,,,,,,,,
,,,,,,,,,,,,,
,,,,,,,,,,,,,
,,,,,,,,,,,,,
,,,,,,,,,,,,,
,,,,,,,,,,,,,
,,,,,,,,,,,,,
,,,,,,,,,,,,,
,,,,,,,,,,,,,
,,,,,,,,,,,,,
,,,,,,,,,,,,,
,,,,,,,,,,,,,
,,,,,,,,,,,,,
,,,,,,,,,,,,,
,,,,,,,,,,,,,
,,,,,,,,,,,,,
,,,,,,,,,,,,,
,,,,,,,,,,,,,
,,,,,,,,,,,,,
,,,,,,,,,,,,,
,,,,,,,,,,,,,
,,,,,,,,,,,,,
,,,,,,,,,,,,,
,,,,,,,,,,,,,
,,,,,,,,,,,,,
,,,,,,,,,,,,,
,,,,,,,,,,,,,
,,,,,,,,,,,,,
,,,,,,,,,,,,,
,,,,,,,,,,,,,
,,,,,,,,,,,,,
,,,,,,,,,,,,,
,,,,,,,,,,,,,
,,,,,,,,,,,,,
,,,,,,,,,,,,,
,,,,,,,,,,,,,
,,,,,,,,,,,,,
,,,,,,,,,,,,,
,,,,,,,,,,,,,
,,,,,,,,,,,,,
,,,,,,,,,,,,,
,,,,,,,,,,,,,
,,,,,,,,,,,,,
,,,,,,,,,,,,,
,,,,,,,,,,,,,
,,,,,,,,,,,,,
,,,,,,,,,,,,,
,,,,,,,,,,,,,
,,,,,,,,,,,,,
,,,,,,,,,,,,,
,,,,,,,,,,,,,
,,,,,,,,,,,,,
,,,,,,,,,,,,,
,,,,,,,,,,,,,
,,,,,,,,,,,,,
,,,,,,,,,,,,,
,,,,,,,,,,,,,
,,,,,,,,,,,,,
,,,,,,,,,,,,,
,,,,,,,,,,,,,
,,,,,,,,,,,,,
,,,,,,,,,,,,,
,,,,,,,,,,,,,
,,,,,,,,,,,,,
,,,,,,,,,,,,,
,,,,,,,,,,,,,
,,,,,,,,,,,,,
,,,,,,,,,,,,,
,,,,,,,,,,,,,
,,,,,,,,,,,,,
,,,,,,,,,,,,,
,,,,,,,,,,,,,
,,,,,,,,,,,,,
,,,,,,,,,,,,,
,,,,,,,,,,,,,
,,,,,,,,,,,,,
,,,,,,,,,,,,,
,,,,,,,,,,,,,
,,,,,,,,,,,,,
,,,,,,,,,,,,,
,,,,,,,,,,,,,
,,,,,,,,,,,,,
,,,,,,,,,,,,,
,,,,,,,,,,,,,
,,,,,,,,,,,,,
,,,,,,,,,,,,,
,,,,,,,,,,,,,
,,,,,,,,,,,,,
,,,,,,,,,,,,,
,,,,,,,,,,,,,
,,,,,,,,,,,,,
,,,,,,,,,,,,,
,,,,,,,,,,,,,
,,,,,,,,,,,,,
,,,,,,,,,,,,,
,,,,,,,,,,,,,
,,,,,,,,,,,,,
,,,,,,,,,,,,,
,,,,,,,,,,,,,
,,,,,,,,,,,,,
,,,,,,,,,,,,,
,,,,,,,,,,,,,
,,,,,,,,,,,,,
,,,,,,,,,,,,,
,,,,,,,,,,,,,
,,,,,,,,,,,,,
,,,,,,,,,,,,,
,,,,,,,,,,,,,
,,,,,,,,,,,,,
,,,,,,,,,,,,,
,,,,,,,,,,,,,
,,,,,,,,,,,,,
,,,,,,,,,,,,,
,,,,,,,,,,,,,
,,,,,,,,,,,,,
,,,,,,,,,,,,,
,,,,,,,,,,,,,
,,,,,,,,,,,,,
,,,,,,,,,,,,,
,,,,,,,,,,,,,
,,,,,,,,,,,,,
,,,,,,,,,,,,,
,,,,,,,,,,,,,
,,,,,,,,,,,,,
,,,,,,,,,,,,,
,,,,,,,,,,,,,
,,,,,,,,,,,,,
,,,,,,,,,,,,,
,,,,,,,,,,,,,
,,,,,,,,,,,,,
,,,,,,,,,,,,,
,,,,,,,,,,,,,
,,,,,,,,,,,,,
,,,,,,,,,,,,,
,,,,,,,,,,,,,
,,,,,,,,,,,,,
,,,,,,,,,,,,,
,,,,,,,,,,,,,
,,,,,,,,,,,,,
,,,,,,,,,,,,,
,,,,,,,,,,,,,
,,,,,,,,,,,,,
,,,,,,,,,,,,,
,,,,,,,,,,,,,
,,,,,,,,,,,,,
,,,,,,,,,,,,,
,,,,,,,,,,,,,
,,,,,,,,,,,,,
,,,,,,,,,,,,,
,,,,,,,,,,,,,
,,,,,,,,,,,,,
,,,,,,,,,,,,,
,,,,,,,,,,,,,
,,,,,,,,,,,,,
,,,,,,,,,,,,,
,,,,,,,,,,,,,
,,,,,,,,,,,,,
,,,,,,,,,,,,,
,,,,,,,,,,,,,
,,,,,,,,,,,,,
,,,,,,,,,,,,,
,,,,,,,,,,,,,
,,,,,,,,,,,,,
,,,,,,,,,,,,,
,,,,,,,,,,,,,
,,,,,,,,,,,,,
,,,,,,,,,,,,,
,,,,,,,,,,,,,
,,,,,,,,,,,,,
,,,,,,,,,,,,,
,,,,,,,,,,,,,
,,,,,,,,,,,,,
,,,,,,,,,,,,,
,,,,,,,,,,,,,
,,,,,,,,,,,,,
,,,,,,,,,,,,,
,,,,,,,,,,,,,
,,,,,,,,,,,,,
,,,,,,,,,,,,,
,,,,,,,,,,,,,
,,,,,,,,,,,,,
,,,,,,,,,,,,,
,,,,,,,,,,,,,
,,,,,,,,,,,,,
,,,,,,,,,,,,,
,,,,,,,,,,,,,
,,,,,,,,,,,,,
,,,,,,,,,,,,,
,,,,,,,,,,,,,
,,,,,,,,,,,,,
,,,,,,,,,,,,,
,,,,,,,,,,,,,
,,,,,,,,,,,,,
,,,,,,,,,,,,,
,,,,,,,,,,,,,
,,,,,,,,,,,,,
,,,,,,,,,,,,,
,,,,,,,,,,,,,
,,,,,,,,,,,,,
,,,,,,,,,,,,,
,,,,,,,,,,,,,
,,,,,,,,,,,,,
,,,,,,,,,,,,,
,,,,,,,,,,,,,
,,,,,,,,,,,,,
,,,,,,,,,,,,,
,,,,,,,,,,,,,
,,,,,,,,,,,,,
,,,,,,,,,,,,,
,,,,,,,,,,,,,
,,,,,,,,,,,,,
,,,,,,,,,,,,,
,,,,,,,,,,,,,
,,,,,,,,,,,,,
,,,,,,,,,,,,,
,,,,,,,,,,,,,
,,,,,,,,,,,,,
,,,,,,,,,,,,,
,,,,,,,,,,,,,
,,,,,,,,,,,,,
,,,,,,,,,,,,,
,,,,,,,,,,,,,
,,,,,,,,,,,,,
,,,,,,,,,,,,,
,,,,,,,,,,,,,
,,,,,,,,,,,,,
,,,,,,,,,,,,,
,,,,,,,,,,,,,
,,,,,,,,,,,,,
,,,,,,,,,,,,,
,,,,,,,,,,,,,
,,,,,,,,,,,,,
,,,,,,,,,,,,,
,,,,,,,,,,,,,
,,,,,,,,,,,,,
,,,,,,,,,,,,,
,,,,,,,,,,,,,
,,,,,,,,,,,,,
,,,,,,,,,,,,,
,,,,,,,,,,,,,
,,,,,,,,,,,,,
,,,,,,,,,,,,,
,,,,,,,,,,,,,
,,,,,,,,,,,,,
,,,,,,,,,,,,,
,,,,,,,,,,,,,
,,,,,,,,,,,,,
,,,,,,,,,,,,,
,,,,,,,,,,,,,
,,,,,,,,,,,,,
,,,,,,,,,,,,,
,,,,,,,,,,,,,
,,,,,,,,,,,,,
,,,,,,,,,,,,,
,,,,,,,,,,,,,
,,,,,,,,,,,,,
,,,,,,,,,,,,,
,,,,,,,,,,,,,
,,,,,,,,,,,,,
,,,,,,,,,,,,,
,,,,,,,,,,,,,
,,,,,,,,,,,,,
,,,,,,,,,,,,,
,,,,,,,,,,,,,
,,,,,,,,,,,,,
,,,,,,,,,,,,,
,,,,,,,,,,,,,
,,,,,,,,,,,,,
,,,,,,,,,,,,,
,,,,,,,,,,,,,
,,,,,,,,,,,,,
,,,,,,,,,,,,,
,,,,,,,,,,,,,
,,,,,,,,,,,,,
,,,,,,,,,,,,,
,,,,,,,,,,,,,
,,,,,,,,,,,,,
,,,,,,,,,,,,,
,,,,,,,,,,,,,
,,,,,,,,,,,,,
,,,,,,,,,,,,,
,,,,,,,,,,,,,
,,,,,,,,,,,,,
,,,,,,,,,,,,,
,,,,,,,,,,,,,
,,,,,,,,,,,,,
,,,,,,,,,,,,,
,,,,,,,,,,,,,
,,,,,,,,,,,,,
,,,,,,,,,,,,,
,,,,,,,,,,,,,
,,,,,,,,,,,,,
,,,,,,,,,,,,,
,,,,,,,,,,,,,
,,,,,,,,,,,,,
,,,,,,,,,,,,,
,,,,,,,,,,,,,
,,,,,,,,,,,,,
,,,,,,,,,,,,,
,,,,,,,,,,,,,
,,,,,,,,,,,,,
,,,,,,,,,,,,,
,,,,,,,,,,,,,
,,,,,,,,,,,,,
,,,,,,,,,,,,,
,,,,,,,,,,,,,
,,,,,,,,,,,,,
,,,,,,,,,,,,,
,,,,,,,,,,,,,
,,,,,,,,,,,,,
,,,,,,,,,,,,,
,,,,,,,,,,,,,
,,,,,,,,,,,,,
,,,,,,,,,,,,,
,,,,,,,,,,,,,
,,,,,,,,,,,,,
,,,,,,,,,,,,,
,,,,,,,,,,,,,
,,,,,,,,,,,,,
,,,,,,,,,,,,,
,,,,,,,,,,,,,
,,,,,,,,,,,,,
,,,,,,,,,,,,,
,,,,,,,,,,,,,
,,,,,,,,,,,,,
,,,,,,,,,,,,,
,,,,,,,,,,,,,
,,,,,,,,,,,,,
,,,,,,,,,,,,,
,,,,,,,,,,,,,
,,,,,,,,,,,,,
,,,,,,,,,,,,,
,,,,,,,,,,,,,
,,,,,,,,,,,,,
,,,,,,,,,,,,,
,,,,,,,,,,,,,
,,,,,,,,,,,,,
,,,,,,,,,,,,,
,,,,,,,,,,,,,
,,,,,,,,,,,,,
,,,,,,,,,,,,,
,,,,,,,,,,,,,
,,,,,,,,,,,,,
,,,,,,,,,,,,,
,,,,,,,,,,,,,
,,,,,,,,,,,,,
,,,,,,,,,,,,,
,,,,,,,,,,,,,
,,,,,,,,,,,,,
,,,,,,,,,,,,,
,,,,,,,,,,,,,
,,,,,,,,,,,,,
,,,,,,,,,,,,,
,,,,,,,,,,,,,
,,,,,,,,,,,,,
,,,,,,,,,,,,,
,,,,,,,,,,,,,
,,,,,,,,,,,,,
,,,,,,,,,,,,,
,,,,,,,,,,,,,
,,,,,,,,,,,,,
,,,,,,,,,,,,,
,,,,,,,,,,,,,
,,,,,,,,,,,,,
,,,,,,,,,,,,,
,,,,,,,,,,,,,
,,,,,,,,,,,,,
,,,,,,,,,,,,,
,,,,,,,,,,,,,
,,,,,,,,,,,,,
,,,,,,,,,,,,,
,,,,,,,,,,,,,
,,,,,,,,,,,,,
,,,,,,,,,,,,,
,,,,,,,,,,,,,
,,,,,,,,,,,,,
,,,,,,,,,,,,,
,,,,,,,,,,,,,
,,,,,,,,,,,,,
,,,,,,,,,,,,,
,,,,,,,,,,,,,
,,,,,,,,,,,,,
,,,,,,,,,,,,,
,,,,,,,,,,,,,
,,,,,,,,,,,,,
,,,,,,,,,,,,,
,,,,,,,,,,,,,
,,,,,,,,,,,,,
,,,,,,,,,,,,,
,,,,,,,,,,,,,
,,,,,,,,,,,,,
,,,,,,,,,,,,,
,,,,,,,,,,,,,
,,,,,,,,,,,,,
,,,,,,,,,,,,,
,,,,,,,,,,,,,
,,,,,,,,,,,,,
,,,,,,,,,,,,,
,,,,,,,,,,,,,
,,,,,,,,,,,,,
,,,,,,,,,,,,,
,,,,,,,,,,,,,
,,,,,,,,,,,,,
,,,,,,,,,,,,,
,,,,,,,,,,,,,
,,,,,,,,,,,,,
,,,,,,,,,,,,,
,,,,,,,,,,,,,
,,,,,,,,,,,,,
,,,,,,,,,,,,,
,,,,,,,,,,,,,
,,,,,,,,,,,,,
,,,,,,,,,,,,,
,,,,,,,,,,,,,
,,,,,,,,,,,,,
,,,,,,,,,,,,,
,,,,,,,,,,,,,
,,,,,,,,,,,,,
,,,,,,,,,,,,,
,,,,,,,,,,,,,
,,,,,,,,,,,,,
,,,,,,,,,,,,,
,,,,,,,,,,,,,
,,,,,,,,,,,,,
,,,,,,,,,,,,,
,,,,,,,,,,,,,
,,,,,,,,,,,,,
,,,,,,,,,,,,,
,,,,,,,,,,,,,
,,,,,,,,,,,,,
,,,,,,,,,,,,,
,,,,,,,,,,,,,
,,,,,,,,,,,,,
,,,,,,,,,,,,,
,,,,,,,,,,,,,
,,,,,,,,,,,,,
,,,,,,,,,,,,,
,,,,,,,,,,,,,
,,,,,,,,,,,,,
,,,,,,,,,,,,,
,,,,,,,,,,,,,
,,,,,,,,,,,,,
,,,,,,,,,,,,,
,,,,,,,,,,,,,
,,,,,,,,,,,,,
,,,,,,,,,,,,,
,,,,,,,,,,,,,
,,,,,,,,,,,,,
,,,,,,,,,,,,,
,,,,,,,,,,,,,
,,,,,,,,,,,,,
,,,,,,,,,,,,,
,,,,,,,,,,,,,
,,,,,,,,,,,,,
,,,,,,,,,,,,,
,,,,,,,,,,,,,
,,,,,,,,,,,,,
,,,,,,,,,,,,,
,,,,,,,,,,,,,
,,,,,,,,,,,,,
,,,,,,,,,,,,,
,,,,,,,,,,,,,
,,,,,,,,,,,,,
,,,,,,,,,,,,,
,,,,,,,,,,,,,
,,,,,,,,,,,,,
,,,,,,,,,,,,,
,,,,,,,,,,,,,
,,,,,,,,,,,,,
,,,,,,,,,,,,,
,,,,,,,,,,,,,
,,,,,,,,,,,,,
,,,,,,,,,,,,,
,,,,,,,,,,,,,
,,,,,,,,,,,,,
,,,,,,,,,,,,,
,,,,,,,,,,,,,
,,,,,,,,,,,,,
,,,,,,,,,,,,,
,,,,,,,,,,,,,
,,,,,,,,,,,,,
,,,,,,,,,,,,,
,,,,,,,,,,,,,
,,,,,,,,,,,,,
,,,,,,,,,,,,,
,,,,,,,,,,,,,
,,,,,,,,,,,,,
,,,,,,,,,,,,,
,,,,,,,,,,,,,
,,,,,,,,,,,,,
,,,,,,,,,,,,,
,,,,,,,,,,,,,
,,,,,,,,,,,,,
,,,,,,,,,,,,,
,,,,,,,,,,,,,
,,,,,,,,,,,,,
,,,,,,,,,,,,,
,,,,,,,,,,,,,
,,,,,,,,,,,,,
,,,,,,,,,,,,,
,,,,,,,,,,,,,
,,,,,,,,,,,,,
,,,,,,,,,,,,,
,,,,,,,,,,,,,
,,,,,,,,,,,,,
,,,,,,,,,,,,,
,,,,,,,,,,,,,
,,,,,,,,,,,,,
,,,,,,,,,,,,,
,,,,,,,,,,,,,
,,,,,,,,,,,,,
,,,,,,,,,,,,,
,,,,,,,,,,,,,
,,,,,,,,,,,,,
,,,,,,,,,,,,,
,,,,,,,,,,,,,
,,,,,,,,,,,,,
,,,,,,,,,,,,,
,,,,,,,,,,,,,
,,,,,,,,,,,,,
,,,,,,,,,,,,,
,,,,,,,,,,,,,
,,,,,,,,,,,,,
,,,,,,,,,,,,,
,,,,,,,,,,,,,
,,,,,,,,,,,,,
,,,,,,,,,,,,,
,,,,,,,,,,,,,
,,,,,,,,,,,,,
,,,,,,,,,,,,,
,,,,,,,,,,,,,
,,,,,,,,,,,,,
,,,,,,,,,,,,,
,,,,,,,,,,,,,
,,,,,,,,,,,,,
,,,,,,,,,,,,,
,,,,,,,,,,,,,
,,,,,,,,,,,,,
,,,,,,,,,,,,,
,,,,,,,,,,,,,
,,,,,,,,,,,,,
,,,,,,,,,,,,,
,,,,,,,,,,,,,
,,,,,,,,,,,,,
,,,,,,,,,,,,,
,,,,,,,,,,,,,
,,,,,,,,,,,,,
,,,,,,,,,,,,,
,,,,,,,,,,,,,
,,,,,,,,,,,,,
,,,,,,,,,,,,,
,,,,,,,,,,,,,
,,,,,,,,,,,,,
,,,,,,,,,,,,,
,,,,,,,,,,,,,
,,,,,,,,,,,,,
,,,,,,,,,,,,,
,,,,,,,,,,,,,
,,,,,,,,,,,,,
,,,,,,,,,,,,,
,,,,,,,,,,,,,
,,,,,,,,,,,,,
,,,,,,,,,,,,,
,,,,,,,,,,,,,
,,,,,,,,,,,,,
,,,,,,,,,,,,,
,,,,,,,,,,,,,
,,,,,,,,,,,,,
,,,,,,,,,,,,,
,,,,,,,,,,,,,
,,,,,,,,,,,,,
,,,,,,,,,,,,,
,,,,,,,,,,,,,
,,,,,,,,,,,,,
,,,,,,,,,,,,,
,,,,,,,,,,,,,
,,,,,,,,,,,,,
,,,,,,,,,,,,,
,,,,,,,,,,,,,
,,,,,,,,,,,,,
,,,,,,,,,,,,,
,,,,,,,,,,,,,
,,,,,,,,,,,,,
,,,,,,,,,,,,,
,,,,,,,,,,,,,
,,,,,,,,,,,,,
,,,,,,,,,,,,,
,,,,,,,,,,,,,
,,,,,,,,,,,,,
,,,,,,,,,,,,,
,,,,,,,,,,,,,
,,,,,,,,,,,,,
,,,,,,,,,,,,,
,,,,,,,,,,,,,
,,,,,,,,,,,,,
,,,,,,,,,,,,,
,,,,,,,,,,,,,
,,,,,,,,,,,,,
,,,,,,,,,,,,,
,,,,,,,,,,,,,
,,,,,,,,,,,,,
,,,,,,,,,,,,,
,,,,,,,,,,,,,
,,,,,,,,,,,,,
,,,,,,,,,,,,,
,,,,,,,,,,,,,
,,,,,,,,,,,,,
,,,,,,,,,,,,,
,,,,,,,,,,,,,
,,,,,,,,,,,,,
,,,,,,,,,,,,,
,,,,,,,,,,,,,
,,,,,,,,,,,,,
,,,,,,,,,,,,,
,,,,,,,,,,,,,
,,,,,,,,,,,,,
,,,,,,,,,,,,,
,,,,,,,,,,,,,
,,,,,,,,,,,,,
,,,,,,,,,,,,,
,,,,,,,,,,,,,
,,,,,,,,,,,,,
,,,,,,,,,,,,,
,,,,,,,,,,,,,
,,,,,,,,,,,,,
,,,,,,,,,,,,,
,,,,,,,,,,,,,
,,,,,,,,,,,,,
,,,,,,,,,,,,,
,,,,,,,,,,,,,
,,,,,,,,,,,,,
,,,,,,,,,,,,,
,,,,,,,,,,,,,
,,,,,,,,,,,,,
,,,,,,,,,,,,,
,,,,,,,,,,,,,
,,,,,,,,,,,,,
,,,,,,,,,,,,,
,,,,,,,,,,,,,
,,,,,,,,,,,,,
